,fold_0,fold_1,fold_2,fold_3,fold_4,mean_shap,std_shap,stability,pct,cum_pct
Open,0.006361847553884031,0.003270093518918881,0.00807568017010812,0.007388645633957138,0.033163162970453845,0.011651885969464402,0.01216489267742713,0.9578288375084896,0.08801706818630826,0.08801706818630826
Hour,0.019958710432410962,0.014971894860536206,0.005702956287457552,0.003777706202657251,0.011758839891434135,0.011234021534899222,0.0066437310445545735,1.690920323029434,0.08486056609504662,0.17287763428135489
OBV,0.0062108584561582116,0.0035472785051203766,0.004234460782693741,0.005499727709641443,0.015054445080164479,0.00690935410675565,0.004671082753620216,1.479175812551148,0.052192502838715585,0.22507013712007046
Rolling_Mean_Volume_50,0.009271225272320625,0.000983205950535125,0.0021894201572429015,0.0007321866343902009,0.011957701657391663,0.005026747934376104,0.005217701237906899,0.9634026062001965,0.03797150236921717,0.2630416394892876
ADX_200,0.010283205955079002,0.002419272985908722,0.0017126033831901344,0.0021430007878886787,0.007974633688338796,0.004906543360081067,0.0039479935714656295,1.242793846664179,0.037063490203653654,0.30010512969294123
trend_strength,0.0012140769623449543,0.00859696670298694,0.0010963414017648456,0.0026946490045028407,0.008087428191223543,0.004337892452564625,0.003713652420043049,1.1680929698911806,0.03276796363977831,0.3328730933327195
ADX_50,0.0068775545061873465,0.0024144879680865253,0.004087528677470051,0.0007400731425592803,0.007135717550083466,0.004251072368877335,0.002781478501017829,1.5283493433339115,0.03211213425337071,0.36498522758609026
Volume_change_200,0.0032680737853476257,0.002781451538739049,0.0006797236579145664,0.002010078080487132,0.012224228654110676,0.00419271114331981,0.0045950203917122,0.9124464906478964,0.031671279958813164,0.39665650754490345
ADX_100,0.0047150229484116115,0.0009451868228759359,0.003803140020691416,0.0009358933908078716,0.008491038374835148,0.003778056311524397,0.003130246604015627,1.206951266946976,0.028539022854721655,0.4251955303996251
dist_to_prev_high_200,0.009934096302194453,0.0007647745330943091,0.0,0.0005054431731783037,0.007313391677529391,0.0037035411371992913,0.004594323543335155,0.8061122156840017,0.027976143403560243,0.45317167380318535
Rolling_Mean_Volume_100,0.00477870040386446,0.003959624585951327,0.0015663268598560165,0.002427972864109668,0.005610064348353251,0.0036685378124269447,0.0016617016924644385,2.207698061189399,0.02771173212874095,0.4808834059319263
dist_to_prev_low_100,0.006004626059279715,0.000500471403628152,0.002699098240380211,0.0022865939807426815,0.006175596213086827,0.0035332771794235177,0.0024767619756216035,1.4265705738502314,0.02668998814762189,0.5075733940795482
bollinger_width_100,0.004299858888863445,0.0018880246107759022,0.0013893856036893708,0.001510661235370519,0.00769345359919946,0.0033562767875797393,0.00269871136042863,1.243658582067883,0.02535294660784503,0.5329263406873932
vol_of_vol_100,0.0024421891061729485,0.0030561123690497375,0.0017940280481999744,0.0022000490783814484,0.005770093569109391,0.0030524944341827004,0.001586523831390474,1.9240130212821254,0.02305820804081686,0.55598454872821
hurst100,0.004889450051698165,0.0035163626062200233,0.0003521519728027013,0.0008317323633236639,0.004150768707337828,0.0027480931402764763,0.002034460545590912,1.3507717293709227,0.020758794065091506,0.5767433427933015
realized_vol_20,0.004332118420539595,0.0033486089006624182,0.0012534224381380334,0.001183252167194732,0.003319297544595026,0.0026873398942259606,0.0014018151387429388,1.917041629036886,0.020299870710178722,0.5970432135034802
RSI_50,0.002896939679658741,0.003533739676455466,0.0021198844885070563,0.0013207907332607872,0.0034339732619772505,0.0026610655679718603,0.0009359215502600827,2.8432540355314435,0.020101397332433955,0.6171446108359142
bollinger_width_200,0.0027096404812080414,0.003979138721971918,0.0009121702651326484,0.0019311593516968565,0.0036710178504125,0.0026406253340843927,0.00125985999453726,2.0959656228219687,0.01994699404831908,0.6370916048842333
Volume_change_100,0.006246642079308449,0.00043090023217650123,0.0,0.00024085743414654632,0.003730225226574867,0.0021297249944412728,0.0027613475904844234,0.7712626365900638,0.016087708937855237,0.6531793138220886
+DI,0.005230586403548912,0.0017458625278114843,0.0002573700006982888,0.00017030740191129122,0.002053164734023324,0.00189145821359866,0.002051202609172248,0.9221211415291667,0.014287867817635245,0.6674671816397238
Volume_change_50,0.002092612885560838,0.0042934420262794315,0.0005917930585434878,0.00030217930531021436,0.0018169789864941398,0.0018194012524376222,0.0015814955365917917,1.1504301213068275,0.013743557439003832,0.6812107390787276
Weekday,0.006098109607580938,0.00024140432297611452,0.0010773272370789065,0.0,0.001569612698991555,0.0017972907733255026,0.002485873297978258,0.7230014706645566,0.013576537305718676,0.6947872763844464
dist_to_prev_high_50,0.004145784340031983,0.0012044881417990411,0.000934416399155296,0.0003460545907607762,0.001743794402656408,0.0016749075748807008,0.001470157241705624,1.1392702685783906,0.012652068052363139,0.7074393444368096
vol_of_vol_50,0.0015704195399653556,0.0017489168199433598,0.0008343097146608302,0.0006975288223275186,0.003438500833946296,0.001657935146168672,0.0010939709746016501,1.5155188475210974,0.012523860188061274,0.7199632046248708
dist_to_prev_low_200,0.002170890907005514,0.00328316404922738,0.000492296703077755,0.0008480866859632445,0.00141355995591272,0.0016415996602373226,0.0011155094241568737,1.4716130165059447,0.012400463719640278,0.7323636683445112
bollinger_width_50,0.002550537490093826,0.0007033303111976209,0.0009791109647346158,0.0011689210514752716,0.002573221876287067,0.0015950243387576803,0.0008980405529992114,1.7761141825016207,0.012048638851355771,0.7444123071958669
dist_to_prev_low_50,0.0031711798713169996,0.001345815673264951,0.0008210074037050875,0.0004802423743368113,0.0020552620278812867,0.001574701470101027,0.0010721434024021622,1.4687400937531132,0.011895122131317337,0.7563074293271843
Rolling_Mean_Volume_10,0.0011772963218538194,0.0,0.00060164743893924,0.00298654997368035,0.0030954276394240393,0.0015721842747794899,0.0014044876572182387,1.119399766384296,0.011876107514041247,0.7681835368412255
Bull_Pressure_200,0.003660926154624029,0.0011493452404271074,0.0005979491811228173,0.0005383827724183033,0.0016830902095102149,0.0015259387116204944,0.001280734351786511,1.1914551351236982,0.011526773603930332,0.7797103104451558
Rolling_Mean_Volume_20,0.0017002511019549732,0.001123057640393071,0.00027278692687857423,0.0002515528566077016,0.004016063833012014,0.0014727424717692669,0.0015470714746376138,0.9519544144913069,0.01112493504470386,0.7908352454898597
ATR_ACCELERATION,0.0,0.0008088968149903232,0.0,0.0,0.006156368507488335,0.0013930530644957317,0.002685712338225694,0.5186901538106993,0.010522970005558902,0.8013582154954186
ATR_percentile_100,0.002245204016971645,0.0010770744328014968,0.0005459822305799468,0.0003560740442155067,0.002420759235405521,0.001329018791994823,0.0009558420713064402,1.3904152594612926,0.01003926213682903,0.8113974776322477
dist_to_prev_high_100,0.0033929654066921088,0.0,0.00020139733776189492,0.0,0.0026481165372738234,0.0012484958563455655,0.0016410047849633007,0.7608113681168326,0.009431000715787317,0.820828478348035
ADX_20,0.0007780264917423309,0.0008515662581354654,0.0005678272630724469,0.00010964558942759511,0.0037777722471715814,0.0012169675699098838,0.0014604325635111475,0.8332919759691587,0.009192839499287323,0.8300213178473222
Compression_State_200,0.0,0.00022784253665021018,0.0,0.0005260100335965224,0.005151912429626662,0.001181152999974679,0.0022302011351415813,0.5296170160377391,0.008922300167516372,0.8389436180148386
Bull_Pressure_100,0.002904740711744003,0.0,0.0,0.0004368024481219961,0.002012178494542815,0.0010707443308817627,0.001317640899910883,0.8126216470151574,0.008088285195058015,0.8470319032098966
ATR_ratio_14_49,0.00114666385610959,0.001894861100009215,0.00033519678521391446,0.0002234536339369015,0.0012637161621582872,0.0009727783074855816,0.0006951825946291202,1.399311368969456,0.007348260603004828,0.8543801638129015
MACD,0.0012240251840104533,0.00023134102365747778,0.0003519250500703417,0.0001998961790334394,0.0027194020308518338,0.0009453178935247091,0.0010773328002396713,0.8774605357359131,0.007140827648858825,0.8615209914617603
ADX_10,0.0009795542234284618,0.000851041244944423,0.0004999649105851733,0.0004182426866932722,0.0016134927828703697,0.0008724591697043401,0.00047595259227962386,1.8330761314892403,0.006590460843066991,0.8681114523048273
vol_of_vol_20,0.001231912611641882,0.0013856455045554471,0.0006311211246170091,0.00030061016898834023,0.0005393660154027525,0.0008177310850410862,0.0004673856961902986,1.749581431620688,0.0061770508962021315,0.8742885032010295
dist_fib_618_100,0.0011172829182424706,0.0003116407189642775,0.00037956609719496087,0.0,0.0018671320001559218,0.0007351243469115262,0.0007539320854938728,0.9750525093748528,0.005553048659855821,0.8798415518608853
bollinger_width_20,0.001022446530894142,0.00016893673842467306,0.0006726984581208185,0.0002672611202091734,0.0013924279565525205,0.0007047541608402655,0.0005131646251792194,1.3733463939525086,0.00532363560644367,0.885165187467329
ATR,0.001357675228811674,0.0003561582214945117,0.0003234644752215086,0.0001956989278670932,0.001278574688728157,0.0007023143084245889,0.0005660354093014813,1.2407581860171888,0.005305205228992508,0.8904703926963214
autocorr_20,0.0021294694402999082,0.00039378272671139697,0.0,0.0,0.0007281628793734027,0.0006502830092769416,0.0008811336662438704,0.7380063844826231,0.004912166504025378,0.8953825592003468
entropy,0.00046827779865895046,0.0008100159527650468,0.000542942387503754,0.00028606813328427234,0.0010531014318003688,0.0006320811408024784,0.0003014221028511917,2.0969896959574728,0.004774671586650326,0.9001572307869972
Expansion_State_200,0.0022603009595989643,0.0003261117500991511,0.0,0.0,0.00044480068846985266,0.0006062426796335937,0.0009454504245243884,0.6412203355011765,0.004579490685936829,0.904736721472934
rolling_range_ratio,0.000526601039301817,0.0011410932105899417,0.0,0.0,0.0013475166502045074,0.0006030421800192532,0.0006278742186964528,0.9604490861595779,0.004555314463004002,0.9092920359359381
bollinger_width_10,0.00022346380911619936,0.0,0.0,0.0008610600794965894,0.0018659190848873558,0.0005900885947000289,0.0007956116857266154,0.7416782126357301,0.00445746450075006,0.9137495004366881
Volume_change_20,0.0009980696208742059,0.0003996451062385761,0.0008179109860553797,0.0,0.0007311449931867149,0.0005893541412709752,0.0003945627459790981,1.4936854875211878,0.00445191652013009,0.9182014169568182
MFI,0.0006954163249528135,0.0012482781292890918,0.00012928934492614804,0.0,0.0007064921552764018,0.0005558951908888911,0.0005031281489302444,1.1048757402961806,0.004199171280008454,0.9224005882368267
Expansion_State_100,0.0,0.002523223757888695,0.0,0.00016446335872485654,0.0,0.0005375374233227103,0.0011123144700774725,0.4832598644746629,0.004060498717999575,0.9264610869548263
dist_to_prev_low_20,0.0021142429464940196,0.00019998929667874822,0.0,0.0,0.0003426499253441244,0.0005313764337033784,0.0008966079627473068,0.5926512624580325,0.004013959278389457,0.9304750462332158
dist_to_high_vol_node,0.0013796124523679705,0.0,0.00042228031509379733,0.00015849532397032909,0.0006733992032138036,0.0005267574589291801,0.0005414959222298662,0.9727801531355166,0.003979068049731979,0.9344541142829478
rolling_sell_pressure,0.000627658353401992,0.0,0.0004052852886696113,0.00029552468855351935,0.001200871468240651,0.0005058679597731546,0.00044947923616145804,1.1254509521781098,0.0038212710650711136,0.9382753853480189
Bull_Pressure_50,0.0,0.0012436497226919628,0.0,0.0,0.0011504960779910446,0.0004788291601366014,0.0006564904864579066,0.7293760391625479,0.0036170229392721424,0.941892408287291
RSI_10,0.0008084488746917626,0.0002512347332687752,0.00023093224078329393,0.0,0.0010136991774724131,0.00046086300524324897,0.00042885039594923297,1.0746449926393746,0.0034813085764266683,0.9453737168637177
-DI,0.0005980521244042734,0.0010030418447582003,0.0,0.00033225924101987545,0.00031937650029234885,0.0004505459420949396,0.00037456595157976094,1.2028448857934002,0.003403374613376656,0.9487770914770944
rolling_buy_pressure,0.0,0.0006861951973216332,0.0,0.0,0.0015195868891159248,0.00044115641728751157,0.0006721073649035776,0.6563769182530572,0.00333244717318558,0.95210953865028
ATR_percentile_20,0.0,0.0,0.0,0.0011525159114219117,0.0010146212185758183,0.000433427425999546,0.0005954940124010481,0.7278439230783105,0.003274063221009337,0.9553836018712893
fractal_score_smooth,0.0,0.00020779518033995284,0.0,0.0003304333652017526,0.0013371876017751678,0.00037508322946337464,0.0005561021900309601,0.6744849448579723,0.0028333375618106987,0.9582169394331
rolling_vol,0.0,5.5631612865922396e-05,0.0003371872292842772,0.0008684946444844101,0.0005520381242185518,0.00036267032217063234,0.0003599202443301014,1.0076379982672254,0.0027395718220464393,0.9609565112551465
dist_to_prev_low_10,0.0007391484897590483,0.0007106965060541417,0.0,0.0003604157393932418,0.0,0.00036205214704128634,0.00036260196253846917,0.9984809404387467,0.002734902194944585,0.963691413450091
Bull_Pressure_20,0.0009056711077517196,0.0,0.0,0.0005527691368289768,0.00018596077594514024,0.0003288802041051673,0.0003935620475146565,0.8356480776893049,0.0024843249775797533,0.9661757384276708
dist_fib_618_50,0.0008697295405841268,0.000122295969448634,0.0,0.0,0.0005216757757309417,0.00030274025715274047,0.0003825157109152512,0.791443219378236,0.002286866686335937,0.9684626051140067
ATR_percentile_50,0.0003300649697621349,0.0,0.0,0.0,0.0011440311759854794,0.00029481922914952285,0.0004957717031329047,0.5946661187404845,0.0022270321098826536,0.9706896372238893
Volume_Spike_50,0.0,0.0012046108983118605,0.0,0.0,0.0001797966600785892,0.0002768815116780899,0.0005244276398516295,0.5279679457560227,0.0020915325602022493,0.9727811697840916
slope_ema10,0.0,0.0,0.0008088523030329202,0.0,0.0005456392551464704,0.0002708983116358781,0.0003824378278369595,0.7083441636092633,0.002046336123550897,0.9748275059076424
ny_session,0.0,0.0,0.0,0.0,0.001188980838526862,0.0002377961677053724,0.0005317283957781528,0.44721275444509234,0.0017962861602162285,0.9766237920678587
volatility_ratio,0.0,0.00025808172579984797,0.00013921145962077208,0.00021895556904511976,0.0004106478584755857,0.0002053793225882651,0.00015137361216040706,1.3567620068986925,0.0015514128689280387,0.9781752049367867
ATR_ratio_8_14,0.0,0.0,0.00015393790282855623,0.0,0.0008426063604627074,0.00019930885265825272,0.00036573975135323973,0.5449457079114387,0.001505557205119359,0.979680762141906
MACD_diff,0.0,0.0003687244806791872,0.0,0.0,0.0006150806334755007,0.0001967610228309376,0.00028315518174729554,0.6948851394194112,0.0014863111781477946,0.9811670733200538
Volume_Z_100,0.0,0.0005387378954757426,0.00020354076038798055,0.0,0.0002411329160822526,0.00019668231438919518,0.00022158112533101116,0.8876271680099678,0.0014857166232146416,0.9826527899432684
Stoch_RSI,0.0,0.00013792219136935104,0.0,0.0,0.0008170202788582669,0.0001909884940455236,0.0003550217044945559,0.5379613518448996,0.0014427061290557663,0.9840954960723242
Volume,0.0003140521988231994,0.0,0.0,0.0004749195543259628,0.000120271168986771,0.00018184858442718666,0.0002081453713546399,0.8736572405451785,0.0013736642546156891,0.9854691603269399
Volume_change_10,0.0,0.000588968395660321,0.0,0.0,0.00031471248144668935,0.00018073617542140207,0.00026580062619153386,0.6799664020534075,0.0013652612390377993,0.9868344215659777
Compression_State_100,0.0002533954015012438,0.0006007372865557387,0.0,0.0,0.0,0.00017082653761139652,0.0002641902662849442,0.6466017594508634,0.001290404922291252,0.9881248264882689
ma_alignment,0.0007622891479023683,0.0,0.0,0.0,0.0,0.00015245782958047365,0.0003409060706440173,0.44721228366563703,0.001151649717212083,0.989276476205481
Volume_Z_50,0.0003774126756752201,0.0,0.00013356502538534212,0.0,0.0002116095628058993,0.0001445174527732923,0.0001586127990240825,0.9111278694696043,0.001091668982016578,0.9903681451874976
dist_to_prev_high_20,0.0002544093170198476,0.00015520264220111025,0.0,0.0,0.0002793442210682738,0.00013779123605784632,0.00013408302549652412,1.0276484133556858,0.0010408598789382625,0.9914090050664359
Volume_Spike_20,0.0,0.0,0.00028519260200407623,0.0,0.00038676325134321147,0.00013439117066945755,0.00018749379926939668,0.7167727915288005,0.0010151761580443242,0.9924241812244803
trend_efficiency,0.0003957740336798942,0.0,0.0,0.0,0.00014178541130469612,0.00010751188899691807,0.0001724428580832414,0.6234602391290757,0.0008121330134434468,0.9932363142379237
candle_range_ratio,0.00048684564194518306,0.0,0.0,0.0,0.0,9.736912838903661e-05,0.00021772398998779046,0.4472115414702596,0.0007355157126596202,0.9939718299505833
ATR_percentile_10,0.0,0.00029813868807875764,0.0,0.0,0.00013068531233156354,8.576480008206423e-05,0.00013151741664408826,0.6521124742108074,0.000647857889837823,0.9946196878404211
micro_pressure,0.0,0.0,0.0,0.0,0.0003983942018821694,7.967884037643388e-05,0.00017816730345006108,0.44721108543735516,0.0006018852179636394,0.9952215730583848
ROC,0.0,0.0,0.0,0.0001139036866619066,0.0002823781137059062,7.925636007356256e-05,0.0001237978148784627,0.6402028981567481,0.0005986938481096391,0.9958202669064944
Rolling_Mean_Return,0.0,0.0,0.0,0.0,0.00038183054512978446,7.636610902595689e-05,0.00017075981095919984,0.44721097655247827,0.0005768612088099301,0.9963971281153043
Trend_Strength,0.0,0.0,0.0,0.0,0.0003148097481084815,6.29619496216963e-05,0.00014078719935003007,0.4472104190008085,0.00047560765935392033,0.9968727357746583
Compression_State_20,0.0,0.00030203868907444716,0.0,0.0,0.0,6.040773781488943e-05,0.00013507580812107737,0.44721028469033997,0.00045631342360949624,0.9973290491982678
Expansion_State_20,0.0,0.0,0.0,0.0,0.00027807924565813395,5.561584913162679e-05,0.00012436081928469015,0.4472099994316625,0.000420116022254794,0.9977491652205226
vol_regime,0.0,0.0,0.0,0.0,0.0002443429150490371,4.8868583009807424e-05,0.00010927347357402067,0.4472095029284646,0.0003691479142702424,0.9981183131347928
Volume_Spike_10,0.0,0.0,0.0,0.0,0.00023050977738899538,4.610195547779908e-05,0.00010308710634402753,0.44720925733126554,0.00034824911344357335,0.9984665622482364
dist_to_prev_high_10,0.0,0.0,0.00013039419604036885,0.0,7.153566556869419e-05,4.038597232181261e-05,5.908651285927934e-05,0.6834941998319402,0.000305071203832141,0.9987716334520685
High_Volatility_200,0.0,0.0,0.0,0.0,0.00017027230877287113,3.405446175457423e-05,7.614809142039474e-05,0.44720772263152103,0.0002572436676908336,0.9990288771197594
Expansion_State_50,0.0,0.0001496123523413476,0.0,0.0,0.0,2.992247046826952e-05,6.690867802178061e-05,0.44720691165976134,0.00022603105886982307,0.9992549081786293
dist_fib_618_20,0.0,0.0,0.00013456951994097877,0.0,0.0,2.6913903988195753e-05,6.0181318857508395e-05,0.4472061645201621,0.00020330467777463748,0.9994582128564039
london_session,0.0,0.0,9.455580785831206e-05,0.0,0.0,1.891116157166241e-05,4.228664280771891e-05,0.44720301998508394,0.00014285283960874658,0.9996010656960127
Spread,0.0,0.0,0.0,0.0,9.070848241646684e-05,1.814169648329337e-05,4.056606656381285e-05,0.447202571444403,0.00013704038475573408,0.9997381060807684
near_support_50,0.0,0.0,0.0,0.0,9.016136494864007e-05,1.8032272989728014e-05,4.0321388193865205e-05,0.4472025045498547,0.00013621381169111899,0.9998743198924596
Rolling_Std_Return,0.0,0.0,0.0,0.0,8.318899458203497e-05,1.6637798916406992e-05,3.720324937305838e-05,0.4472015750022181,0.00012568010754080474,1.0000000000000004
Oversold_100,0.0,0.0,0.0,0.0,0.0,0.0,0.0,0.0,0.0,1.0000000000000004
Oversold_20,0.0,0.0,0.0,0.0,0.0,0.0,0.0,0.0,0.0,1.0000000000000004
Divergence_20,0.0,0.0,0.0,0.0,0.0,0.0,0.0,0.0,0.0,1.0000000000000004
volume_spike_50,0.0,0.0,0.0,0.0,0.0,0.0,0.0,0.0,0.0,1.0000000000000004
volume_spike_20,0.0,0.0,0.0,0.0,0.0,0.0,0.0,0.0,0.0,1.0000000000000004
vol_candle_signal_20,0.0,0.0,0.0,0.0,0.0,0.0,0.0,0.0,0.0,1.0000000000000004
Overbought_10,0.0,0.0,0.0,0.0,0.0,0.0,0.0,0.0,0.0,1.0000000000000004
Divergence_10,0.0,0.0,0.0,0.0,0.0,0.0,0.0,0.0,0.0,1.0000000000000004
Oversold_10,0.0,0.0,0.0,0.0,0.0,0.0,0.0,0.0,0.0,1.0000000000000004
High_Volatility_10,0.0,0.0,0.0,0.0,0.0,0.0,0.0,0.0,0.0,1.0000000000000004
Compression_State_10,0.0,0.0,0.0,0.0,0.0,0.0,0.0,0.0,0.0,1.0000000000000004
Expansion_State_10,0.0,0.0,0.0,0.0,0.0,0.0,0.0,0.0,0.0,1.0000000000000004
High_Volatility_20,0.0,0.0,0.0,0.0,0.0,0.0,0.0,0.0,0.0,1.0000000000000004
Overbought_20,0.0,0.0,0.0,0.0,0.0,0.0,0.0,0.0,0.0,1.0000000000000004
candle_dir,0.0,0.0,0.0,0.0,0.0,0.0,0.0,0.0,0.0,1.0000000000000004
volume_spike_10,0.0,0.0,0.0,0.0,0.0,0.0,0.0,0.0,0.0,1.0000000000000004
vol_candle_signal_10,0.0,0.0,0.0,0.0,0.0,0.0,0.0,0.0,0.0,1.0000000000000004
Volume_Z_10,0.0,0.0,0.0,0.0,0.0,0.0,0.0,0.0,0.0,1.0000000000000004
Bull_Pressure_10,0.0,0.0,0.0,0.0,0.0,0.0,0.0,0.0,0.0,1.0000000000000004
Price_Change_10,0.0,0.0,0.0,0.0,0.0,0.0,0.0,0.0,0.0,1.0000000000000004
asia_session,0.0,0.0,0.0,0.0,0.0,0.0,0.0,0.0,0.0,1.0000000000000004
High_Volatility_100,0.0,0.0,0.0,0.0,0.0,0.0,0.0,0.0,0.0,1.0000000000000004
Divergence_100,0.0,0.0,0.0,0.0,0.0,0.0,0.0,0.0,0.0,1.0000000000000004
Overbought_100,0.0,0.0,0.0,0.0,0.0,0.0,0.0,0.0,0.0,1.0000000000000004
vol_candle_signal_100,0.0,0.0,0.0,0.0,0.0,0.0,0.0,0.0,0.0,1.0000000000000004
volume_spike_100,0.0,0.0,0.0,0.0,0.0,0.0,0.0,0.0,0.0,1.0000000000000004
Compression_State_50,0.0,0.0,0.0,0.0,0.0,0.0,0.0,0.0,0.0,1.0000000000000004
High_Volatility_50,0.0,0.0,0.0,0.0,0.0,0.0,0.0,0.0,0.0,1.0000000000000004
Oversold_50,0.0,0.0,0.0,0.0,0.0,0.0,0.0,0.0,0.0,1.0000000000000004
Overbought_50,0.0,0.0,0.0,0.0,0.0,0.0,0.0,0.0,0.0,1.0000000000000004
Divergence_50,0.0,0.0,0.0,0.0,0.0,0.0,0.0,0.0,0.0,1.0000000000000004
vol_candle_signal_50,0.0,0.0,0.0,0.0,0.0,0.0,0.0,0.0,0.0,1.0000000000000004
Volume_Z_20,0.0,0.0,0.0,0.0,0.0,0.0,0.0,0.0,0.0,1.0000000000000004
breakout_down_100,0.0,0.0,0.0,0.0,0.0,0.0,0.0,0.0,0.0,1.0000000000000004
breakout_up_200,0.0,0.0,0.0,0.0,0.0,0.0,0.0,0.0,0.0,1.0000000000000004
breakout_down_200,0.0,0.0,0.0,0.0,0.0,0.0,0.0,0.0,0.0,1.0000000000000004
Body_to_Range,0.0,0.0,0.0,0.0,0.0,0.0,0.0,0.0,0.0,1.0000000000000004
candle_body,0.0,0.0,0.0,0.0,0.0,0.0,0.0,0.0,0.0,1.0000000000000004
divergence_flag,0.0,0.0,0.0,0.0,0.0,0.0,0.0,0.0,0.0,1.0000000000000004
ema10_20_state,0.0,0.0,0.0,0.0,0.0,0.0,0.0,0.0,0.0,1.0000000000000004
pivot_high,0.0,0.0,0.0,0.0,0.0,0.0,0.0,0.0,0.0,1.0000000000000004
pivot_low,0.0,0.0,0.0,0.0,0.0,0.0,0.0,0.0,0.0,1.0000000000000004
breakout_up_20,0.0,0.0,0.0,0.0,0.0,0.0,0.0,0.0,0.0,1.0000000000000004
Vol_Range,0.0,0.0,0.0,0.0,0.0,0.0,0.0,0.0,0.0,1.0000000000000004
breakout_up_100,0.0,0.0,0.0,0.0,0.0,0.0,0.0,0.0,0.0,1.0000000000000004
close_position,0.0,0.0,0.0,0.0,0.0,0.0,0.0,0.0,0.0,1.0000000000000004
TREND,0.0,0.0,0.0,0.0,0.0,0.0,0.0,0.0,0.0,1.0000000000000004
Overbought_200,0.0,0.0,0.0,0.0,0.0,0.0,0.0,0.0,0.0,1.0000000000000004
vol_candle_signal_200,0.0,0.0,0.0,0.0,0.0,0.0,0.0,0.0,0.0,1.0000000000000004
Divergence_200,0.0,0.0,0.0,0.0,0.0,0.0,0.0,0.0,0.0,1.0000000000000004
Oversold_200,0.0,0.0,0.0,0.0,0.0,0.0,0.0,0.0,0.0,1.0000000000000004
volume_spike_200,0.0,0.0,0.0,0.0,0.0,0.0,0.0,0.0,0.0,1.0000000000000004
bos_down_50,0.0,0.0,0.0,0.0,0.0,0.0,0.0,0.0,0.0,1.0000000000000004
bos_up_50,0.0,0.0,0.0,0.0,0.0,0.0,0.0,0.0,0.0,1.0000000000000004
turtle_soup_buy_50,0.0,0.0,0.0,0.0,0.0,0.0,0.0,0.0,0.0,1.0000000000000004
turtle_soup_sell_50,0.0,0.0,0.0,0.0,0.0,0.0,0.0,0.0,0.0,1.0000000000000004
broke_prev_low_50,0.0,0.0,0.0,0.0,0.0,0.0,0.0,0.0,0.0,1.0000000000000004
broke_prev_high_50,0.0,0.0,0.0,0.0,0.0,0.0,0.0,0.0,0.0,1.0000000000000004
near_resistance_50,0.0,0.0,0.0,0.0,0.0,0.0,0.0,0.0,0.0,1.0000000000000004
fib_618_zone_20,0.0,0.0,0.0,0.0,0.0,0.0,0.0,0.0,0.0,1.0000000000000004
turtle_soup_buy_20,0.0,0.0,0.0,0.0,0.0,0.0,0.0,0.0,0.0,1.0000000000000004
structure_direction_20,0.0,0.0,0.0,0.0,0.0,0.0,0.0,0.0,0.0,1.0000000000000004
bos_up_20,0.0,0.0,0.0,0.0,0.0,0.0,0.0,0.0,0.0,1.0000000000000004
bos_down_20,0.0,0.0,0.0,0.0,0.0,0.0,0.0,0.0,0.0,1.0000000000000004
turtle_soup_sell_20,0.0,0.0,0.0,0.0,0.0,0.0,0.0,0.0,0.0,1.0000000000000004
near_support_20,0.0,0.0,0.0,0.0,0.0,0.0,0.0,0.0,0.0,1.0000000000000004
broke_prev_high_20,0.0,0.0,0.0,0.0,0.0,0.0,0.0,0.0,0.0,1.0000000000000004
broke_prev_low_20,0.0,0.0,0.0,0.0,0.0,0.0,0.0,0.0,0.0,1.0000000000000004
breakout_down_50,0.0,0.0,0.0,0.0,0.0,0.0,0.0,0.0,0.0,1.0000000000000004
breakout_up_50,0.0,0.0,0.0,0.0,0.0,0.0,0.0,0.0,0.0,1.0000000000000004
breakout_down_20,0.0,0.0,0.0,0.0,0.0,0.0,0.0,0.0,0.0,1.0000000000000004
near_resistance_20,0.0,0.0,0.0,0.0,0.0,0.0,0.0,0.0,0.0,1.0000000000000004
fib_618_zone_100,0.0,0.0,0.0,0.0,0.0,0.0,0.0,0.0,0.0,1.0000000000000004
near_resistance_100,0.0,0.0,0.0,0.0,0.0,0.0,0.0,0.0,0.0,1.0000000000000004
structure_direction_50,0.0,0.0,0.0,0.0,0.0,0.0,0.0,0.0,0.0,1.0000000000000004
near_support_100,0.0,0.0,0.0,0.0,0.0,0.0,0.0,0.0,0.0,1.0000000000000004
broke_prev_low_100,0.0,0.0,0.0,0.0,0.0,0.0,0.0,0.0,0.0,1.0000000000000004
broke_prev_high_100,0.0,0.0,0.0,0.0,0.0,0.0,0.0,0.0,0.0,1.0000000000000004
turtle_soup_sell_100,0.0,0.0,0.0,0.0,0.0,0.0,0.0,0.0,0.0,1.0000000000000004
turtle_soup_buy_100,0.0,0.0,0.0,0.0,0.0,0.0,0.0,0.0,0.0,1.0000000000000004
bos_down_100,0.0,0.0,0.0,0.0,0.0,0.0,0.0,0.0,0.0,1.0000000000000004
bos_up_100,0.0,0.0,0.0,0.0,0.0,0.0,0.0,0.0,0.0,1.0000000000000004
structure_direction_100,0.0,0.0,0.0,0.0,0.0,0.0,0.0,0.0,0.0,1.0000000000000004
fib_618_zone_50,0.0,0.0,0.0,0.0,0.0,0.0,0.0,0.0,0.0,1.0000000000000004
tick_imbalance,0.0,0.0,0.0,0.0,0.0,0.0,0.0,0.0,0.0,1.0000000000000004
vol_bucket,0.0,0.0,0.0,0.0,0.0,0.0,0.0,0.0,0.0,1.0000000000000004
Doji,0.0,0.0,0.0,0.0,0.0,0.0,0.0,0.0,0.0,1.0000000000000004
Bear_Engulf,0.0,0.0,0.0,0.0,0.0,0.0,0.0,0.0,0.0,1.0000000000000004
Inside_Bar,0.0,0.0,0.0,0.0,0.0,0.0,0.0,0.0,0.0,1.0000000000000004
Bull_Engulf,0.0,0.0,0.0,0.0,0.0,0.0,0.0,0.0,0.0,1.0000000000000004
Impulse_Bear,0.0,0.0,0.0,0.0,0.0,0.0,0.0,0.0,0.0,1.0000000000000004
Impulse_Bull,0.0,0.0,0.0,0.0,0.0,0.0,0.0,0.0,0.0,1.0000000000000004
Lower_Wick,0.0,0.0,0.0,0.0,0.0,0.0,0.0,0.0,0.0,1.0000000000000004
PinBar_Bear,0.0,0.0,0.0,0.0,0.0,0.0,0.0,0.0,0.0,1.0000000000000004
PinBar_Bull,0.0,0.0,0.0,0.0,0.0,0.0,0.0,0.0,0.0,1.0000000000000004
wick_ratio,0.0,0.0,0.0,0.0,0.0,0.0,0.0,0.0,0.0,1.0000000000000004
Candle_Strength,0.0,0.0,0.0,0.0,0.0,0.0,0.0,0.0,0.0,1.0000000000000004
Upper_Wick,0.0,0.0,0.0,0.0,0.0,0.0,0.0,0.0,0.0,1.0000000000000004
Range,0.0,0.0,0.0,0.0,0.0,0.0,0.0,0.0,0.0,1.0000000000000004
volatility_state,0.0,0.0,0.0,0.0,0.0,0.0,0.0,0.0,0.0,1.0000000000000004
fractal_score,0.0,0.0,0.0,0.0,0.0,0.0,0.0,0.0,0.0,1.0000000000000004
fractal_bear,0.0,0.0,0.0,0.0,0.0,0.0,0.0,0.0,0.0,1.0000000000000004
gap_from_prev_close,0.0,0.0,0.0,0.0,0.0,0.0,0.0,0.0,0.0,1.0000000000000004
fractal_bull,0.0,0.0,0.0,0.0,0.0,0.0,0.0,0.0,0.0,1.0000000000000004
price_acceleration,0.0,0.0,0.0,0.0,0.0,0.0,0.0,0.0,0.0,1.0000000000000004
Trend_vs_Range,0.0,0.0,0.0,0.0,0.0,0.0,0.0,0.0,0.0,1.0000000000000004
Hammer,0.0,0.0,0.0,0.0,0.0,0.0,0.0,0.0,0.0,1.0000000000000004
Shooting_Star,0.0,0.0,0.0,0.0,0.0,0.0,0.0,0.0,0.0,1.0000000000000004
Engulfing_Bullish,0.0,0.0,0.0,0.0,0.0,0.0,0.0,0.0,0.0,1.0000000000000004
Engulfing_Bearish,0.0,0.0,0.0,0.0,0.0,0.0,0.0,0.0,0.0,1.0000000000000004
Morning_Star,0.0,0.0,0.0,0.0,0.0,0.0,0.0,0.0,0.0,1.0000000000000004
Evening_Star,0.0,0.0,0.0,0.0,0.0,0.0,0.0,0.0,0.0,1.0000000000000004
Three_White_Soldiers,0.0,0.0,0.0,0.0,0.0,0.0,0.0,0.0,0.0,1.0000000000000004
Three_Black_Crows,0.0,0.0,0.0,0.0,0.0,0.0,0.0,0.0,0.0,1.0000000000000004
Bullish_Three_Methods,0.0,0.0,0.0,0.0,0.0,0.0,0.0,0.0,0.0,1.0000000000000004
Bearish_Three_Methods,0.0,0.0,0.0,0.0,0.0,0.0,0.0,0.0,0.0,1.0000000000000004
